Name,Feature1,Feature2,Feature3
-209.93577575683594,63.42263412475586,-123.69023895263672
-449.3169860839844,111.76261138916016,-26.788602828979492
-223.0479736328125,29.681337356567383,33.74214172363281
-269.1553039550781,149.29721069335938,-1.1016639471054077
-303.8361511230469,98.489990234375,-35.691139221191406
